{"cameraMode":{"drawMode":0,"name":"Shaded","section":"Shading Mode"},"sceneLighting":true,"audioPlay":false,"sceneViewState":{"showFog":true,"showMaterialUpdate":false,"showSkybox":true,"showFlares":true,"showImageEffects":true,"showParticleSystems":true},"in2DMode":false,"pivot":{"x":0.24082934856414796,"y":-3.4303009510040285,"z":25.221153259277345},"rotation":{"x":-0.09466893970966339,"y":-0.003883225377649069,"z":0.00039864584687165916,"w":-0.9955242872238159},"size":14.049092292785645,"orthographic":false}